claim_id,article_id,claim_text,implied_claim,claim_category,verifiability,rebuttal_technical,rebuttal_institutional,rebuttal_normative,burden_owner,status,created_utc,confidence
1.0,WIRED-RunningTide,"In the end, it resorted to dumping thousands of tons of wood chips in the sea.",Reframe pending; requires contemporaneous context.,FACT,other,,,,ARTICLE,OPEN,2025-12-16T18:59:41.562469,MED
2.0,WIRED-RunningTide,"The town hall in Akranes, on the west coast of Iceland, filled quickly as locals streamed in to the residents’",,ALLEG,other,,,,ARTICLE,OPEN,2025-12-16T18:59:41.562469,MED
3.0,WIRED-RunningTide,"The mood was happy, positive, relaxed.",Correction pending; requires verification against records.,FRAME,factual (checkable),,,,NONE,OPEN,2025-12-16T18:59:41.562469,MED
4.0,WIRED-RunningTide,"In between speeches, a woman sang folk songs while her family played guitar and melodica.",,ALLEG,other,,,,ARTICLE,OPEN,2025-12-16T18:59:41.562469,MED
5.0,WIRED-RunningTide,"Yet when the guest speaker, an American named Marty Odlin, took the stage, he struck a deadly serious tone.",,ALLEG,other,,,,ARTICLE,OPEN,2025-12-16T18:59:41.562469,MED
6.0,WIRED-RunningTide,"“We woke up Godzilla,” he told the assembled residents.",,ALLEG,other,,,,ARTICLE,OPEN,2025-12-16T18:59:41.562469,MED
7.0,WIRED-RunningTide,“It’s burning down forests and towns and stealing fish and doing all sorts of terrible things.,,ALLEG,other,,,,ARTICLE,OPEN,2025-12-16T18:59:41.562469,MED
8.0,WIRED-RunningTide,"It’s a horrible monster, but we did that.",Correction pending; requires verification against records.,FRAME,factual (checkable),,,,NONE,OPEN,2025-12-16T18:59:41.562469,MED
9.0,WIRED-RunningTide,We woke it up.,,ALLEG,other,,,,ARTICLE,OPEN,2025-12-16T18:59:41.562469,MED
10.0,WIRED-RunningTide,"And so we have to fix it.” Odlin, the founder of a US climate startup called Running Tide, had become a well-",Correction pending; requires verification against records.,FRAME,factual (checkable),,,,NONE,OPEN,2025-12-16T18:59:41.562469,MED
11.0,WIRED-RunningTide,"He was setting up a base of operations in a nearby harbor, planning to unleash a counteroffensiveagainst the",Reframe pending; requires contemporaneous context.,FACT,factual (checkable),,,,ARTICLE,OPEN,2025-12-16T18:59:41.562469,MED
12.0,WIRED-RunningTide,He’d need people to help sink huge volumes of biomass in the surrounding ocean.,,ALLEG,other,,,,ARTICLE,OPEN,2025-12-16T18:59:41.562469,MED
13.0,WIRED-RunningTide,"Together, they’d remove gigatons of carbon from Earth’s atmosphere—and make money by selling carbon",,ALLEG,other,,,,ARTICLE,OPEN,2025-12-16T18:59:41.562469,MED
14.0,WIRED-RunningTide,"The exponentialgrowth in tech companies’ emissions, driven by an explosion in demand for data centers and",Correction pending; requires verification against records.,FRAME,factual (checkable),,,,NONE,OPEN,2025-12-16T18:59:41.562469,MED
15.0,WIRED-RunningTide,"Lowercarbon Capital, a VC firm cofounded by Chris Sacca of Shark Tank, had led a $54 million Series B",Correction pending; requires verification against records.,FRAME,factual (checkable),,,,NONE,OPEN,2025-12-16T18:59:41.562469,MED
16.0,WIRED-RunningTide,"Marty Odlin, founder and CEO of Running Tide, in its workshop in Portland, Maine.",,ALLEG,other,,,,ARTICLE,OPEN,2025-12-16T18:59:41.562469,MED
17.0,WIRED-RunningTide,"PHOTOGRAPH: MAINE PUBLIC/NPT/FRED BEVER At first, Running Tide painted a vision of free-floating",,ALLEG,other,,,,ARTICLE,OPEN,2025-12-16T18:59:41.562469,MED
18.0,WIRED-RunningTide,"Within nine months of his appearance in Akranes, though, that vision had morphed into something else:",Reframe pending; requires contemporaneous context.,FACT,opinion/interpretation,,,,ARTICLE,OPEN,2025-12-16T18:59:41.562469,MED
19.0,WIRED-RunningTide,Some ocean- carbon experts describe the work as “poor science fiction” that likely removed no atmospheric,"Not verifiable as stated; requires specific evidence (datasets, artifacts, and reliance) to evaluate.",QUOTE,allegation/contested,,,,NONE,OPEN,2025-12-16T18:59:41.562469,MED
21.0,WIRED-RunningTide,An orange jacket emblazoned with the Running Tide logo hung on a coat rack.,,ALLEG,other,,,,ARTICLE,OPEN,2025-12-16T18:59:41.562469,MED
22.0,WIRED-RunningTide,A sensor buoy gathered dust in a corner.,,ALLEG,other,,,,ARTICLE,OPEN,2025-12-16T18:59:41.562469,MED
23.0,WIRED-RunningTide,"Gone was the founder, along with his grand plans and his neon beanie.",Reframe pending; requires contemporaneous context.,FACT,factual (checkable),,,,ARTICLE,OPEN,2025-12-16T18:59:41.562469,MED
24.0,WIRED-RunningTide,Gone were the hundred or so workers once employed by the company.,Correction pending; requires verification against records.,FRAME,factual (checkable),,,,NONE,OPEN,2025-12-16T18:59:41.562469,MED
25.0,WIRED-RunningTide,"The startup, at one time the next great hope for carbon removal, left in its wake thousands of credits",Reframe pending; requires contemporaneous context.,FACT,other,,,,ARTICLE,OPEN,2025-12-16T18:59:41.562469,MED
26.0,WIRED-RunningTide,"WIRED spoke with nearly 40 sources from France, Iceland, the United Kingdom, and the United States, as well",,ALLEG,other,,,,ARTICLE,OPEN,2025-12-16T18:59:41.562469,MED
27.0,WIRED-RunningTide,"They include scientists directly involved with marine geoengineering science, carbon dioxide removal experts,","Not verifiable as stated; requires specific evidence (datasets, artifacts, and reliance) to evaluate.",QUOTE,allegation/contested,,,,NONE,OPEN,2025-12-16T18:59:41.562469,MED
28.0,WIRED-RunningTide,"WIRED analyzed corporate financial filings, emails and other internal documents, patent applications, carbon-",Correction pending; requires verification against records.,FRAME,factual (checkable),,,,NONE,OPEN,2025-12-16T18:59:41.562469,MED
29.0,WIRED-RunningTide,The demise of Running Tide is not the end of a story but the beginning.,,ALLEG,other,,,,ARTICLE,OPEN,2025-12-16T18:59:41.562469,MED
30.0,WIRED-RunningTide,Investors have kept right on pouring hundreds of millions of dollars into experimental and potentially harmful,Reframe pending; requires contemporaneous context.,FACT,opinion/interpretation,,,,ARTICLE,OPEN,2025-12-16T18:59:41.562469,MED
31.0,WIRED-RunningTide,A pile of leftover wood chips at Grundartangi.,,ALLEG,other,,,,ARTICLE,OPEN,2025-12-16T18:59:41.562469,MED
32.0,WIRED-RunningTide,PHOTOGRAPH: ERNIR EYJÓLFSSON The former Running Tide work facility in Grundartangi.,,ALLEG,other,,,,ARTICLE,OPEN,2025-12-16T18:59:41.562469,MED
33.0,WIRED-RunningTide,PHOTOGRAPH: ERNIR EYJÓLFSSON A Novel Theory The idea of companies “offsetting” their carbon,,ALLEG,factual (checkable),,,,ARTICLE,OPEN,2025-12-16T18:59:41.562469,MED
34.0,WIRED-RunningTide,"Back then, you could buy into, say, a forestry or bamboo-growing project that offered up to 80 years of carbon",Reframe pending; requires contemporaneous context.,FACT,opinion/interpretation,,,,ARTICLE,OPEN,2025-12-16T18:59:41.562469,MED
35.0,WIRED-RunningTide,"As the popularity of offsetting grew, middlemen emerged to verify credits that had been produced and offer",Correction pending; requires verification against records.,FRAME,factual (checkable),,,,NONE,OPEN,2025-12-16T18:59:41.562469,MED
36.0,WIRED-RunningTide,"An offsetter would make a claim about a project, an intermediary like the nonprofit Verra, which runs the",,ALLEG,other,,,,ARTICLE,OPEN,2025-12-16T18:59:41.562469,MED
37.0,WIRED-RunningTide,"By 2022this had turned into a $1.9 billion industry, with Verra overseeing the lion’s share of sales.",,ALLEG,factual (checkable),,,,ARTICLE,OPEN,2025-12-16T18:59:41.562469,MED
38.0,WIRED-RunningTide,"Each project listed on its marketplace is independently verified, and information on each deal—down to the",,ALLEG,other,,,,ARTICLE,OPEN,2025-12-16T18:59:41.562469,MED
39.0,WIRED-RunningTide,"That year, the market was rocked by controversy: One of the world’s largest carbon-offset projects, a forest-",Correction pending; requires verification against records.,FRAME,factual (checkable),,,,NONE,OPEN,2025-12-16T18:59:41.562469,MED
40.0,WIRED-RunningTide,"Elias Ayrey, an independentexpert in forest ecology, had analyzed satellite imagery of South Pole’s forests in",,ALLEG,factual (checkable),,,,ARTICLE,OPEN,2025-12-16T18:59:41.562469,MED
41.0,WIRED-RunningTide,"South Pole acknowledged the discrepancy but denied overselling the project, and exited the Kariba program",,ALLEG,factual (checkable),,,,ARTICLE,OPEN,2025-12-16T18:59:41.562469,MED
42.0,WIRED-RunningTide,The company’s then CEO resigned the following month over the controversy.,,ALLEG,other,,,,ARTICLE,OPEN,2025-12-16T18:59:41.562469,MED
43.0,WIRED-RunningTide,Verra ultimately concluded that just over half the 26.8 millioncredits issued should be canceled.,,ALLEG,other,,,,ARTICLE,OPEN,2025-12-16T18:59:41.562469,MED
44.0,WIRED-RunningTide,"To some, the failure of an organization like Verra to catch the South Poledebacle suggested the whole market",,ALLEG,opinion/interpretation,,,,ARTICLE,OPEN,2025-12-16T18:59:41.562469,MED
45.0,WIRED-RunningTide,"To others, it was an opportunity.",Reframe pending; requires contemporaneous context.,FACT,opinion/interpretation,,,,ARTICLE,OPEN,2025-12-16T18:59:41.562469,MED
46.0,WIRED-RunningTide,Large companies with emissions to offset now had cover to stop relying on third-party verifiers.,Correction pending; requires verification against records.,FRAME,factual (checkable),,,,NONE,OPEN,2025-12-16T18:59:41.562469,MED
47.0,WIRED-RunningTide,They could argue for bypassing this seemingly broken system and embrace the alternative: in-house,Reframe pending; requires contemporaneous context.,FACT,opinion/interpretation,,,,ARTICLE,OPEN,2025-12-16T18:59:41.562469,MED
48.0,WIRED-RunningTide,"At the same time, the credits evolved.",,ALLEG,other,,,,ARTICLE,OPEN,2025-12-16T18:59:41.562469,MED
49.0,WIRED-RunningTide,"Alongside traditional nature-based offsets, many of which focused on tree-growing and offered up to 200years",Correction pending; requires verification against records.,FRAME,factual (checkable),,,,NONE,OPEN,2025-12-16T18:59:41.562469,MED
50.0,WIRED-RunningTide,"In less than two years, companies bought around $2.6 billion in carbon-removal credits, up from just $55",Correction pending; requires verification against records.,FRAME,factual (checkable),,,,NONE,OPEN,2025-12-16T18:59:41.562469,MED
51.0,WIRED-RunningTide,"Microsoft, to date the biggest buyer in the space, reported in 2023 that it had bought 2.8 million tons of",Correction pending; requires verification against records.,FRAME,factual (checkable),,,,NONE,OPEN,2025-12-16T18:59:41.562469,MED
52.0,WIRED-RunningTide,"It was in this market, offering its seaweed-sinking solution, that Running Tide would operate.",Correction pending; requires verification against records.,FRAME,factual (checkable),,,,NONE,OPEN,2025-12-16T18:59:41.562469,MED
53.0,WIRED-RunningTide,"Odlin had founded Running Tide in 2017, eventually setting up its headquarters in Portland, Maine, a short",Correction pending; requires verification against records.,FRAME,factual (checkable),,,,NONE,OPEN,2025-12-16T18:59:41.562469,MED
54.0,WIRED-RunningTide,"The company had first experimented with raising oysters to improve ocean health, but by 2020 had expanded",Correction pending; requires verification against records.,FRAME,factual (checkable),,,,NONE,OPEN,2025-12-16T18:59:41.562469,MED
55.0,WIRED-RunningTide,"“We make little buoys out of terrestrial biomass and some minerals,” Odlin once explained on stage at South",,ALLEG,other,,,,ARTICLE,OPEN,2025-12-16T18:59:41.562469,MED
56.0,WIRED-RunningTide,PHOTOGRAPH: GREGORY REC/GETTY IMAGESA lobster boat makes a wake through the calm waters of,,ALLEG,other,,,,ARTICLE,OPEN,2025-12-16T18:59:41.562469,MED
57.0,WIRED-RunningTide,"PHOTOGRAPH: DEREK DAVIS/GETTY IMAGES A styrofoam buoy produced by Running Tide, marked with its",,ALLEG,other,,,,ARTICLE,OPEN,2025-12-16T18:59:41.562469,MED
58.0,WIRED-RunningTide,"In time, these free-floating biodegradable buoys would then break apart, and the seaweed that had grown on",Correction pending; requires verification against records.,FRAME,factual (checkable),,,,NONE,OPEN,2025-12-16T18:59:41.562469,MED
59.0,WIRED-RunningTide,"Thanks to the way carbon is cycled by the ocean, the carbon in that seaweed, if sunk in the right places,",Correction pending; requires verification against records.,FRAME,factual (checkable),,,,NONE,OPEN,2025-12-16T18:59:41.562469,MED
60.0,WIRED-RunningTide,Or so the industry theory went.,,ALLEG,other,,,,ARTICLE,OPEN,2025-12-16T18:59:41.562469,MED
61.0,WIRED-RunningTide,Theory alone had been enough for Running Tide to sell small bundles of credits to Shopify in 2020 and Stripe,Correction pending; requires verification against records.,FRAME,factual (checkable),,,,NONE,OPEN,2025-12-16T18:59:41.562469,MED
62.0,WIRED-RunningTide,But a bigger fish was in its sights: Microsoft.,Correction pending; requires verification against records.,FRAME,factual (checkable),,,,NONE,OPEN,2025-12-16T18:59:41.562469,MED
63.0,WIRED-RunningTide,"And to land a big contract with the tech giant, it needed evidence its technology would work.",,ALLEG,other,,,,ARTICLE,OPEN,2025-12-16T18:59:41.562469,MED
64.0,WIRED-RunningTide,"During its first phase of experimentation, the companydropped 120-pound moorings to the seafloor, each",Correction pending; requires verification against records.,FRAME,factual (checkable),,,,NONE,OPEN,2025-12-16T18:59:41.562469,MED
65.0,WIRED-RunningTide,"Running between each mooring and buoy was a cotton line, inoculated with seaweed spores.",Correction pending; requires verification against records.,FRAME,factual (checkable),,,,NONE,OPEN,2025-12-16T18:59:41.562469,MED
66.0,WIRED-RunningTide,This experiment would allow the startup to understand seaweed growth and calculatecarbon-removal,,ALLEG,other,,,,ARTICLE,OPEN,2025-12-16T18:59:41.562469,MED
67.0,WIRED-RunningTide,"In the winter of 2021, the startup released as many as 1,600 of these anchored lines off of the Maine coast.",Correction pending; requires verification against records.,FRAME,factual (checkable),,,,NONE,OPEN,2025-12-16T18:59:41.562469,MED
68.0,WIRED-RunningTide,Problems with the tests soon emerged.,,ALLEG,other,,,,ARTICLE,OPEN,2025-12-16T18:59:41.562469,MED
69.0,WIRED-RunningTide,"The cotton lines were supposed to be good for seeding kelp, but they weren’t very resilient in seawater.",Correction pending; requires verification against records.,FRAME,factual (checkable),,,,NONE,OPEN,2025-12-16T18:59:41.562469,MED
70.0,WIRED-RunningTide,"Within months, a few dozen buoys had been lost.",Correction pending; requires verification against records.,FRAME,factual (checkable),,,,NONE,OPEN,2025-12-16T18:59:41.562469,MED
71.0,WIRED-RunningTide,"Two moorings from the batch washed up hundreds of miles south at Cape Cod, resulting in an inquiry from the",,ALLEG,other,,,,ARTICLE,OPEN,2025-12-16T18:59:41.562469,MED
72.0,WIRED-RunningTide,"While the majority of the lines remained intact, there was anotherproblem: The seaweed “wasn’t really",Correction pending; requires verification against records.,FRAME,factual (checkable),,,,NONE,OPEN,2025-12-16T18:59:41.562469,MED
73.0,WIRED-RunningTide,"During the hiring process, the source says Odlin had told them that the company was capable of growing",Correction pending; requires verification against records.,FRAME,factual (checkable),,,,NONE,OPEN,2025-12-16T18:59:41.562469,MED
74.0,WIRED-RunningTide,"When field data started coming in, the source found it alarming.",Reframe pending; requires contemporaneous context.,FACT,opinion/interpretation,,,,ARTICLE,OPEN,2025-12-16T18:59:41.562469,MED
75.0,WIRED-RunningTide,"Forget 10,000 tons of kelp.",Correction pending; requires verification against records.,FRAME,factual (checkable),,,,NONE,OPEN,2025-12-16T18:59:41.562469,MED
76.0,WIRED-RunningTide,"“I was like: OK, this is not even 100 tons.",Correction pending; requires verification against records.,FRAME,factual (checkable),,,,NONE,OPEN,2025-12-16T18:59:41.562469,MED
77.0,WIRED-RunningTide,"Maybe it’s not even 10 tons.” A few months later, alleging an “undercurrent of dishonesty” at the company, the","Not verifiable as stated; requires specific evidence (datasets, artifacts, and reliance) to evaluate.",QUOTE,allegation/contested,,,,NONE,OPEN,2025-12-16T18:59:41.562469,MED
78.0,WIRED-RunningTide,"Odlin says that the company was capable of spawning around 10,000 tons in its hatchery at the time, not on",Correction pending; requires verification against records.,FRAME,factual (checkable),,,,NONE,OPEN,2025-12-16T18:59:41.562469,MED
79.0,WIRED-RunningTide,"A staff member working at Running Tide’s Portland kelp hatchery in 2021 adds sporophytes, or early-stage",Correction pending; requires verification against records.,FRAME,factual (checkable),,,,NONE,OPEN,2025-12-16T18:59:41.562469,MED
80.0,WIRED-RunningTide,PHOTOGRAPH: MAINE PUBLIC/NPR/FRED BEVER Two ex-staffers said they felt that their data or output was,,ALLEG,allegation/contested,,,,ARTICLE,OPEN,2025-12-16T18:59:41.562469,MED
81.0,WIRED-RunningTide,"When Chris Payne, a veteran marine scientist, joined Running Tide’s kelp team in early 2022, he recalls, “they",Reframe pending; requires contemporaneous context.,FACT,opinion/interpretation,,,,ARTICLE,OPEN,2025-12-16T18:59:41.562469,MED
82.0,WIRED-RunningTide,"Typically, when divers are doing underwater work on a project like the one in Maine, their time both at the",,ALLEG,other,,,,ARTICLE,OPEN,2025-12-16T18:59:41.562469,MED
83.0,WIRED-RunningTide,"Running Tide didn’t do any tracking, former staffers allege.","Not verifiable as stated; requires specific evidence (datasets, artifacts, and reliance) to evaluate.",QUOTE,allegation/contested,,,,NONE,OPEN,2025-12-16T18:59:41.562469,MED
84.0,WIRED-RunningTide,"And yet, recalls one ex-employee who was on a buoy cleanup team, “they wanted us to do multiple ‘bounce’",Correction pending; requires verification against records.,FRAME,factual (checkable),,,,NONE,OPEN,2025-12-16T18:59:41.562469,MED
85.0,WIRED-RunningTide,"He also claims divers weren’t asked to descend to this depth: “Deepest that we had anyone go was 30 feet,”",Correction pending; requires verification against records.,FRAME,factual (checkable),,,,NONE,OPEN,2025-12-16T18:59:41.562469,MED
86.0,WIRED-RunningTide,"Payne, alarmed by what he says was the lack of a dive safety manual, safety records, gear protocol, and a",Reframe pending; requires contemporaneous context.,FACT,opinion/interpretation,,,,ARTICLE,OPEN,2025-12-16T18:59:41.562469,MED
87.0,WIRED-RunningTide,He says that management told him: “If there’s any problems … we can blame the dive company that we rent,Correction pending; requires verification against records.,FRAME,factual (checkable),,,,NONE,OPEN,2025-12-16T18:59:41.562469,MED
88.0,WIRED-RunningTide,"“We recognized that it was the most dangerous thing that anyone at the company was doing,” he said.",Correction pending; requires verification against records.,FRAME,factual (checkable),,,,NONE,OPEN,2025-12-16T18:59:41.562469,MED
89.0,WIRED-RunningTide,He also asserted that Running Tide had a dive safety manual.,Correction pending; requires verification against records.,FRAME,factual (checkable),,,,NONE,OPEN,2025-12-16T18:59:41.562469,MED
90.0,WIRED-RunningTide,Six former employees WIRED spoke with reported similar concerns aboutdiving safety and problems with the,,ALLEG,other,,,,ARTICLE,OPEN,2025-12-16T18:59:41.562469,MED
91.0,WIRED-RunningTide,"They raised these concerns in emails, texts, and documents from that time, which WIRED has reviewed.",Correction pending; requires verification against records.,FRAME,factual (checkable),,,,NONE,OPEN,2025-12-16T18:59:41.562469,MED
92.0,WIRED-RunningTide,"Internal presentations from late 2021 and early 2022, seen by WIRED, show that the company was aware that",Correction pending; requires verification against records.,FRAME,factual (checkable),,,,NONE,OPEN,2025-12-16T18:59:41.562469,MED
93.0,WIRED-RunningTide,"In interviews with WIRED, the former leaders of Running Tide framed these issues as growing pains.",,ALLEG,other,,,,ARTICLE,OPEN,2025-12-16T18:59:41.562469,MED
94.0,WIRED-RunningTide,"“We were trying to both be R&D and adeveloped industry at the same time, which makes it kind of",Correction pending; requires verification against records.,FRAME,factual (checkable),,,,NONE,OPEN,2025-12-16T18:59:41.562469,MED
95.0,WIRED-RunningTide,"Hróbjartsson, the organization’s former general manager in Iceland.",,ALLEG,other,,,,ARTICLE,OPEN,2025-12-16T18:59:41.562469,MED
96.0,WIRED-RunningTide,"This problem wasn’t unique to Running Tide, Hróbjartsson says, but permeates the marine carbon-removal",,ALLEG,other,,,,ARTICLE,OPEN,2025-12-16T18:59:41.562469,MED
97.0,WIRED-RunningTide,“It’s being evaluated as if it were an actual industry.,Correction pending; requires verification against records.,FRAME,factual (checkable),,,,NONE,OPEN,2025-12-16T18:59:41.562469,MED
98.0,WIRED-RunningTide,"Everybody isjust still figuring out what to do.” Odlin says staff may have glued seaweed onto buoys, but","Not verifiable as stated; requires specific evidence (datasets, artifacts, and reliance) to evaluate.",QUOTE,allegation/contested,,,,NONE,OPEN,2025-12-16T18:59:41.562469,MED
99.0,WIRED-RunningTide,“There’s a big difference between falsifying data about the performance of a company and making a render of,"Not verifiable as stated; requires specific evidence (datasets, artifacts, and reliance) to evaluate.",QUOTE,allegation/contested,,,,NONE,OPEN,2025-12-16T18:59:41.562469,MED
100.0,WIRED-RunningTide,"Still, Odlin admitted that he thinks Running Tide actually grew less than 10 tons of seaweed in the ocean",Reframe pending; requires contemporaneous context.,FACT,opinion/interpretation,,,,ARTICLE,OPEN,2025-12-16T18:59:41.562469,MED
101.0,WIRED-RunningTide,Not Up to Standard While the Casco Bay experiment showed that Running Tide was still along way from being,Reframe pending; requires contemporaneous context.,FACT,factual (checkable),,,,ARTICLE,OPEN,2025-12-16T18:59:41.562469,MED
102.0,WIRED-RunningTide,"But having already sold credits to investors, it needed a carbon-removal strategy that would scale.",Correction pending; requires verification against records.,FRAME,factual (checkable),,,,NONE,OPEN,2025-12-16T18:59:41.562469,MED
103.0,WIRED-RunningTide,Internal company documents show that Running Tide was considering a shift in plans in December 2021 from,Correction pending; requires verification against records.,FRAME,factual (checkable),,,,NONE,OPEN,2025-12-16T18:59:41.562469,MED
104.0,WIRED-RunningTide,The development of the algae-sinking buoys would continue alongside the wood-chip sinking.,,ALLEG,other,,,,ARTICLE,OPEN,2025-12-16T18:59:41.562469,MED
105.0,WIRED-RunningTide,The wood-chip project was supposed to strike at Godzilla in two ways.,Correction pending; requires verification against records.,FRAME,factual (checkable),,,,NONE,OPEN,2025-12-16T18:59:41.562469,MED
106.0,WIRED-RunningTide,"First, the chips would be coated with alkaline dust from industrial lime kilns and dumped in the water.",,ALLEG,other,,,,ARTICLE,OPEN,2025-12-16T18:59:41.562469,MED
107.0,WIRED-RunningTide,"In theory, they’d float on the surface for awhile, and the alkaline dust would react with dissolved CO in the sea.",,ALLEG,other,,,,ARTICLE,OPEN,2025-12-16T18:59:41.562469,MED
108.0,WIRED-RunningTide,Carbon in the atmosphere would then dissolve in the sea to replace theCO consumed in this reaction.,,ALLEG,other,,,,ARTICLE,OPEN,2025-12-16T18:59:41.562469,MED
109.0,WIRED-RunningTide,"Then, when the wood chips became waterlogged, they’d sink to the ocean floor.",,ALLEG,other,,,,ARTICLE,OPEN,2025-12-16T18:59:41.562469,MED
110.0,WIRED-RunningTide,"Since the wood wouldn’tdecompose on land or be used as fuel, its carbon would be prevented from",,ALLEG,other,,,,ARTICLE,OPEN,2025-12-16T18:59:41.562469,MED
111.0,WIRED-RunningTide,"Not long after the Casco Bay work had finished, the company moved its operations to Iceland.",Correction pending; requires verification against records.,FRAME,factual (checkable),,,,NONE,OPEN,2025-12-16T18:59:41.562469,MED
112.0,WIRED-RunningTide,Former employees and local aquaculture farmers in Maine felt that this was because Running Tide had used,Correction pending; requires verification against records.,FRAME,factual (checkable),,,,NONE,OPEN,2025-12-16T18:59:41.562469,MED
113.0,WIRED-RunningTide,"Odlin says the decision was influenced by a multitude of factors, including Iceland’s favorable water",Reframe pending; requires contemporaneous context.,FACT,opinion/interpretation,,,,ARTICLE,OPEN,2025-12-16T18:59:41.562469,MED
114.0,WIRED-RunningTide,“Iceland’s the Silicon Valley of marine technology.” When Running Tide formally applied to the Icelandic,Correction pending; requires verification against records.,FRAME,factual (checkable),,,,NONE,OPEN,2025-12-16T18:59:41.562469,MED
115.0,WIRED-RunningTide,"“It was reallyunclear what kind of research they were actually doing,” says Hrönn Egilsdóttir, head of the",Correction pending; requires verification against records.,FRAME,factual (checkable),,,,NONE,OPEN,2025-12-16T18:59:41.562469,MED
116.0,WIRED-RunningTide,"The institute assessed Running Tide’s application for an initial research permit, and later provided a further",,ALLEG,other,,,,ARTICLE,OPEN,2025-12-16T18:59:41.562469,MED
117.0,WIRED-RunningTide,"Hrönn Egilsdóttir, head of the Environmental Division at the Icelandic Marine and Freshwater Research",,ALLEG,other,,,,ARTICLE,OPEN,2025-12-16T18:59:41.562469,MED
118.0,WIRED-RunningTide,"PHOTOGRAPH: ERNIR EYJÓLFSSON The startup’s proposal and research was “not up to standard,”",,ALLEG,factual (checkable),,,,ARTICLE,OPEN,2025-12-16T18:59:41.562469,MED
119.0,WIRED-RunningTide,The shifting scope of the company’s work also concerned Egilsdóttir.,,ALLEG,other,,,,ARTICLE,OPEN,2025-12-16T18:59:41.562469,MED
120.0,WIRED-RunningTide,"Running Tide’s initial permit application had focused on algae-sinking buoys, and in July, the Ministry of",Correction pending; requires verification against records.,FRAME,factual (checkable),,,,NONE,OPEN,2025-12-16T18:59:41.562469,MED
121.0,WIRED-RunningTide,"“Large kelp will be cultivated in spheres/floating capsules, which are being designed and are expected to be",,ALLEG,other,,,,ARTICLE,OPEN,2025-12-16T18:59:41.562469,MED
122.0,WIRED-RunningTide,"But as Running Tide’s application continued through the approval process, Egilsdóttir flagged how the work",,ALLEG,other,,,,ARTICLE,OPEN,2025-12-16T18:59:41.562469,MED
123.0,WIRED-RunningTide,“It is clear that considerable changes have occurred in both the scope and nature ofthe operation since the,Correction pending; requires verification against records.,FRAME,factual (checkable),,,,NONE,OPEN,2025-12-16T18:59:41.562469,MED
124.0,WIRED-RunningTide,"“In Phase 1, the primary goal is not to cultivate kelp and sink it into the deep sea but to discharge tree bark",Reframe pending; requires contemporaneous context.,FACT,opinion/interpretation,,,,ARTICLE,OPEN,2025-12-16T18:59:41.562469,MED
125.0,WIRED-RunningTide,"Egilsdóttir therefore recommended that for the seaweed sinking, a “third party be engaged to conduct",Reframe pending; requires contemporaneous context.,FACT,opinion/interpretation,,,,ARTICLE,OPEN,2025-12-16T18:59:41.562469,MED
126.0,WIRED-RunningTide,The email closed by recommending that “extensive research on the effectiveness and environmental impacts”,,ALLEG,other,,,,ARTICLE,OPEN,2025-12-16T18:59:41.562469,MED
127.0,WIRED-RunningTide,"That prompted the country’s Environment Agency to advise that a third party verify the experiments’ effects,",,ALLEG,other,,,,ARTICLE,OPEN,2025-12-16T18:59:41.562469,MED
128.0,WIRED-RunningTide,Running Tide offered no evidence that any of these steps were taken.,Correction pending; requires verification against records.,FRAME,factual (checkable),,,,NONE,OPEN,2025-12-16T18:59:41.562469,MED
129.0,WIRED-RunningTide,"While the permit application was under review, Running Tide set up its base of operations in Akranes.",Correction pending; requires verification against records.,FRAME,factual (checkable),,,,NONE,OPEN,2025-12-16T18:59:41.562469,MED
130.0,WIRED-RunningTide,"In June, Odlin attended the residents’ meeting to present the startup’s work to the local community.",Correction pending; requires verification against records.,FRAME,factual (checkable),,,,NONE,OPEN,2025-12-16T18:59:41.562469,MED
131.0,WIRED-RunningTide,"Sinkableseaweed-growing buoys would be their strategy for sequestering carbon, Odlin told the attendees,",,ALLEG,other,,,,ARTICLE,OPEN,2025-12-16T18:59:41.562469,MED
132.0,WIRED-RunningTide,"The application dragged on into the autumn, with a 2024 investigation by the Icelandic magazine Heimildin",Correction pending; requires verification against records.,FRAME,factual (checkable),,,,NONE,OPEN,2025-12-16T18:59:41.562469,MED
133.0,WIRED-RunningTide,"In December 2022, the Environment Agency came to the conclusion that Running Tide’s activities would,",Correction pending; requires verification against records.,FRAME,factual (checkable),,,,NONE,OPEN,2025-12-16T18:59:41.562469,MED
134.0,WIRED-RunningTide,"But then, in May 2023, the Ministry of Environment, Energy, and Climate reached its own conclusion, deciding",Reframe pending; requires contemporaneous context.,FACT,opinion/interpretation,,,,ARTICLE,OPEN,2025-12-16T18:59:41.562469,MED
135.0,WIRED-RunningTide,"The Environment Agency, in response, declared that it then had no jurisdiction over how Running Tide carried",Correction pending; requires verification against records.,FRAME,factual (checkable),,,,NONE,OPEN,2025-12-16T18:59:41.562469,MED
136.0,WIRED-RunningTide,"The minister of environment, energy, and climate at the time described the project publicly as “the largest","Not verifiable as stated; requires specific evidence (datasets, artifacts, and reliance) to evaluate.",QUOTE,allegation/contested,,,,NONE,OPEN,2025-12-16T18:59:41.562469,MED
137.0,WIRED-RunningTide,"While Running Tide’s research permit was the first of its kind ever granted in Iceland, it was not published on",Correction pending; requires verification against records.,FRAME,factual (checkable),,,,NONE,OPEN,2025-12-16T18:59:41.562469,MED
138.0,WIRED-RunningTide,"When Heimildin published its investigation, there was an outcry across Icelandic social media over the fact",Correction pending; requires verification against records.,FRAME,factual (checkable),,,,NONE,OPEN,2025-12-16T18:59:41.562469,MED
139.0,WIRED-RunningTide,"Egilsdóttir, who initially evaluated the proposal, says the decision by theministers was “weird,” adding there was no",Correction pending; requires verification against records.,FRAME,factual (checkable),,,,NONE,OPEN,2025-12-16T18:59:41.562469,MED
140.0,WIRED-RunningTide,Trouble in the Land of Ice and Fire Running Tide had initially thought its license to operate in Iceland,Correction pending; requires verification against records.,FRAME,factual (checkable),,,,NONE,OPEN,2025-12-16T18:59:41.562469,MED
141.0,WIRED-RunningTide,"But as securing its permit and necessary permissions stretched throughout 2022, the startup’s Icelandic",Correction pending; requires verification against records.,FRAME,factual (checkable),,,,NONE,OPEN,2025-12-16T18:59:41.562469,MED
142.0,WIRED-RunningTide,"All the time, Running Tide was spending money—including, according to a former employee, $18,000 a day",Correction pending; requires verification against records.,FRAME,factual (checkable),,,,NONE,OPEN,2025-12-16T18:59:41.562469,MED
143.0,WIRED-RunningTide,"The company did, however, receive a boost in the spring—finally landing a long-sought contract",Correction pending; requires verification against records.,FRAME,factual (checkable),,,,NONE,OPEN,2025-12-16T18:59:41.562469,MED
144.0,WIRED-RunningTide,"In March 2023, the tech giant purchased 12,000 tons of Running Tide carbon-removal credits.",Correction pending; requires verification against records.,FRAME,factual (checkable),,,,NONE,OPEN,2025-12-16T18:59:41.562469,MED
145.0,WIRED-RunningTide,The race was now on to get them fulfilled.,Correction pending; requires verification against records.,FRAME,factual (checkable),,,,NONE,OPEN,2025-12-16T18:59:41.562469,MED
146.0,WIRED-RunningTide,"Over the course of summer 2023, Running Tide sent at least 11 deployments of treated wood chips out to sea",Correction pending; requires verification against records.,FRAME,factual (checkable),,,,NONE,OPEN,2025-12-16T18:59:41.562469,MED
147.0,WIRED-RunningTide,The team was in a constant battle against the unpredictable Icelandic conditions.,Correction pending; requires verification against records.,FRAME,factual (checkable),,,,NONE,OPEN,2025-12-16T18:59:41.562469,MED
148.0,WIRED-RunningTide,"“Our weather window up here in the North, it’s super small,” says one former employee.",,ALLEG,other,,,,ARTICLE,OPEN,2025-12-16T18:59:41.562469,MED
149.0,WIRED-RunningTide,"Across 30 hours, they would load barges with thousands of tons of wood chips mixed with alkaline material.",,ALLEG,other,,,,ARTICLE,OPEN,2025-12-16T18:59:41.562469,MED
150.0,WIRED-RunningTide,"Equipment troubles plagued the team,former staffers say.",,ALLEG,other,,,,ARTICLE,OPEN,2025-12-16T18:59:41.562469,MED
151.0,WIRED-RunningTide,Most issues stemmed from the wood chips being extremely light; the equipment the company had purchased,Correction pending; requires verification against records.,FRAME,factual (checkable),,,,NONE,OPEN,2025-12-16T18:59:41.562469,MED
152.0,WIRED-RunningTide,Out on the ocean there were other issues.,Correction pending; requires verification against records.,FRAME,factual (checkable),,,,NONE,OPEN,2025-12-16T18:59:41.562469,MED
153.0,WIRED-RunningTide,"Following Iceland’s “cod wars” with the United Kingdom, which ended in the 1970s, the United Nations",Correction pending; requires verification against records.,FRAME,factual (checkable),,,,NONE,OPEN,2025-12-16T18:59:41.562469,MED
154.0,WIRED-RunningTide,Running Tide’s permit granted it permission to operate only within Iceland’s EEZ.,Correction pending; requires verification against records.,FRAME,factual (checkable),,,,NONE,OPEN,2025-12-16T18:59:41.562469,MED
155.0,WIRED-RunningTide,"But after analyzing the movements of the company’s carbon-removal projects using MarineTraffic, a ship",Reframe pending; requires contemporaneous context.,FACT,opinion/interpretation,,,,ARTICLE,OPEN,2025-12-16T18:59:41.562469,MED
156.0,WIRED-RunningTide,"According to documents uploaded on Running Tide’s website, the company also violated Denmark’s EEZ in",Correction pending; requires verification against records.,FRAME,factual (checkable),,,,NONE,OPEN,2025-12-16T18:59:41.562469,MED
157.0,WIRED-RunningTide,Running Tide did not seek permission from any of these countries to operate in their waters.,Correction pending; requires verification against records.,FRAME,factual (checkable),,,,NONE,OPEN,2025-12-16T18:59:41.562469,MED
158.0,WIRED-RunningTide,"By early 2024, Jón Ólafsson, professor emeritus at the University of Iceland and an expert in carbon fluxes",Clarification pending; requires mechanisms and assumptions.,NORM,opinion/interpretation,,,,NONE,OPEN,2025-12-16T18:59:41.562469,MED
159.0,WIRED-RunningTide,"The company’s activities seemed especially preposterous because, according to Ólafsson, their wood-chip",Reframe pending; requires contemporaneous context.,FACT,opinion/interpretation,,,,ARTICLE,OPEN,2025-12-16T18:59:41.562469,MED
160.0,WIRED-RunningTide,"“Throwing wood chips intothe ocean does nothing for the atmosphere,” Ólafsson told Heimildin, the Icelandic",Clarification pending; requires mechanisms and assumptions.,NORM,other,,,,NONE,OPEN,2025-12-16T18:59:41.562469,MED
161.0,WIRED-RunningTide,Jón Ólafsson is professor emeritus in oceanography at the University of Iceland in Reykjavík.,,ALLEG,other,,,,ARTICLE,OPEN,2025-12-16T18:59:41.562469,MED
162.0,WIRED-RunningTide,PHOTOGRAPH: ERNIR EYJÓLFSSON The location where Running Tide dumped the Nova Scotian wood,,ALLEG,factual (checkable),,,,ARTICLE,OPEN,2025-12-16T18:59:41.562469,MED
163.0,WIRED-RunningTide,"According to Ólafsson’s decades of research, it was physicallyimpossible for the ocean to absorb carbon for",Correction pending; requires verification against records.,FRAME,factual (checkable),,,,NONE,OPEN,2025-12-16T18:59:41.562469,MED
164.0,WIRED-RunningTide,"When told this information by WIRED, Odlin said he was not familiar with the scientists or the 2021 paper.",Correction pending; requires verification against records.,FRAME,factual (checkable),,,,NONE,OPEN,2025-12-16T18:59:41.562469,MED
165.0,WIRED-RunningTide,“This is what academics do.,,ALLEG,other,,,,ARTICLE,OPEN,2025-12-16T18:59:41.562469,MED
166.0,WIRED-RunningTide,"This is what happens when people are stuck in institutions and don’t have to live in the real world,” Odlin said.",,ALLEG,other,,,,ARTICLE,OPEN,2025-12-16T18:59:41.562469,MED
167.0,WIRED-RunningTide,"“I could care less what that guy thinks.” Outside of Iceland, scientists also began raising questions about",Reframe pending; requires contemporaneous context.,FACT,opinion/interpretation,,,,ARTICLE,OPEN,2025-12-16T18:59:41.562469,MED
168.0,WIRED-RunningTide,Coating wood chips with lime kiln dust and sinking them are “essentially two mutually exclusive processes to,,ALLEG,other,,,,ARTICLE,OPEN,2025-12-16T18:59:41.562469,MED
169.0,WIRED-RunningTide,"It is impossible for both methods to work, Kerry contends.",,ALLEG,other,,,,ARTICLE,OPEN,2025-12-16T18:59:41.562469,MED
170.0,WIRED-RunningTide,"If the wood chips sank, the alkaline enhancement—a chemical reaction that can only occur at the surface—",,ALLEG,other,,,,ARTICLE,OPEN,2025-12-16T18:59:41.562469,MED
171.0,WIRED-RunningTide,"And if the wood chips stayed at the surface long enough for alkaline enhancement, the chips would likely",Reframe pending; requires contemporaneous context.,FACT,opinion/interpretation,,,,ARTICLE,OPEN,2025-12-16T18:59:41.562469,MED
172.0,WIRED-RunningTide,"In the final carbon-accounting report for its wood-chip-sinking work, originally published on Running Tide’s",,ALLEG,other,,,,ARTICLE,OPEN,2025-12-16T18:59:41.562469,MED
173.0,WIRED-RunningTide,Pointing out that the small monitoring devices and few cameras they had were insufficient to do any,Reframe pending; requires contemporaneous context.,FACT,opinion/interpretation,,,,ARTICLE,OPEN,2025-12-16T18:59:41.562469,MED
174.0,WIRED-RunningTide,"According to one former employee, Odlin would start meetings in spring 2024 by announcing that the",Reframe pending; requires contemporaneous context.,FACT,opinion/interpretation,,,,ARTICLE,OPEN,2025-12-16T18:59:41.562469,MED
175.0,WIRED-RunningTide,"That June, Odlin admitted defeat.",Correction pending; requires verification against records.,FRAME,factual (checkable),,,,NONE,OPEN,2025-12-16T18:59:41.562469,MED
176.0,WIRED-RunningTide,"In a LinkedIn post on June 14, 2024, Odlin wrote that “there simply isn’t the demand needed to support large-",Correction pending; requires verification against records.,FRAME,factual (checkable),,,,NONE,OPEN,2025-12-16T18:59:41.562469,MED
177.0,WIRED-RunningTide,Nearly all employees in Iceland and the US were suddenly let go.,Correction pending; requires verification against records.,FRAME,factual (checkable),,,,NONE,OPEN,2025-12-16T18:59:41.562469,MED
178.0,WIRED-RunningTide,One employee was presenting about Running Tide at an algae conference when he was told the news.,Correction pending; requires verification against records.,FRAME,factual (checkable),,,,NONE,OPEN,2025-12-16T18:59:41.562469,MED
179.0,WIRED-RunningTide,“People were happy with our credits.,Correction pending; requires verification against records.,FRAME,factual (checkable),,,,NONE,OPEN,2025-12-16T18:59:41.562469,MED
180.0,WIRED-RunningTide,We were filling our contracts.,Correction pending; requires verification against records.,FRAME,factual (checkable),,,,NONE,OPEN,2025-12-16T18:59:41.562469,MED
181.0,WIRED-RunningTide,We were selling additional contracts.,Correction pending; requires verification against records.,FRAME,factual (checkable),,,,NONE,OPEN,2025-12-16T18:59:41.562469,MED
182.0,WIRED-RunningTide,"It just wasn’t enough,” Odlin says.Running Tide had sold $30 million of credits and said it had commitments",Correction pending; requires verification against records.,FRAME,factual (checkable),,,,NONE,OPEN,2025-12-16T18:59:41.562469,MED
183.0,WIRED-RunningTide,"“That was, like, the rent we were designed for.” The legacy the company leaves behind after its wood-chip",Correction pending; requires verification against records.,FRAME,factual (checkable),,,,NONE,OPEN,2025-12-16T18:59:41.562469,MED
184.0,WIRED-RunningTide,"It’s simply not known what effect the sinking of biomass will have on the ocean, and the scientists and deep-",,ALLEG,other,,,,ARTICLE,OPEN,2025-12-16T18:59:41.562469,MED
185.0,WIRED-RunningTide,"A pile of wood chips left by Running Tide at Grundartangi, filmed in October 2024.",Correction pending; requires verification against records.,FRAME,factual (checkable),,,,NONE,OPEN,2025-12-16T18:59:41.562469,MED
186.0,WIRED-RunningTide,Deep sea environments—some of which provide life-saving drugs or insights into how early Earth formed—,Reframe pending; requires contemporaneous context.,FACT,opinion/interpretation,,,,ARTICLE,OPEN,2025-12-16T18:59:41.562469,MED
187.0,WIRED-RunningTide,"A recent carbon flux report by Convex Seascape Survey, an international research collaboration, found that",Reframe pending; requires contemporaneous context.,FACT,opinion/interpretation,,,,ARTICLE,OPEN,2025-12-16T18:59:41.562469,MED
188.0,WIRED-RunningTide,"Joye also points out that without proper research, ocean alkalinity enhancement could also cause spikes in",Reframe pending; requires contemporaneous context.,FACT,opinion/interpretation,,,,ARTICLE,OPEN,2025-12-16T18:59:41.562469,MED
189.0,WIRED-RunningTide,"“The deep sea and the surface ocean are intimately connected,” says Joye.",,ALLEG,other,,,,ARTICLE,OPEN,2025-12-16T18:59:41.562469,MED
190.0,WIRED-RunningTide,"“We really can’t afford to screw this up.” Odlin, though, dismisses the idea that Running Tide did harm to the",Correction pending; requires verification against records.,FRAME,factual (checkable),,,,NONE,OPEN,2025-12-16T18:59:41.562469,MED
191.0,WIRED-RunningTide,“We had multiple studies about the impact of biomass sinking on the benthic habitat.,Correction pending; requires verification against records.,FRAME,factual (checkable),,,,NONE,OPEN,2025-12-16T18:59:41.562469,MED
192.0,WIRED-RunningTide,"We had a bunch of experts around us.” Everything that the company did, Odlin says, was in consultation with",Correction pending; requires verification against records.,FRAME,factual (checkable),,,,NONE,OPEN,2025-12-16T18:59:41.562469,MED
193.0,WIRED-RunningTide,“Ithink the probability of adverse harm to the ocean is almost zero for what we did.,Correction pending; requires verification against records.,FRAME,factual (checkable),,,,NONE,OPEN,2025-12-16T18:59:41.562469,MED
194.0,WIRED-RunningTide,"Zero.” For him, the need to press ahead with carbon removal trumped the need for a perfect answer on how to",,ALLEG,other,,,,ARTICLE,OPEN,2025-12-16T18:59:41.562469,MED
195.0,WIRED-RunningTide,"“You can’t necessarily wait for the perfect model, because there’s always goingto be a better model coming,”",,ALLEG,other,,,,ARTICLE,OPEN,2025-12-16T18:59:41.562469,MED
196.0,WIRED-RunningTide,"Ultimately, Odlin says, they had the authorization they needed from the Icelandic government for the work they",Correction pending; requires verification against records.,FRAME,factual (checkable),,,,NONE,OPEN,2025-12-16T18:59:41.562469,MED
197.0,WIRED-RunningTide,"“All I know is we applied, and we got the approval.” Onward and Upward For Microsoft, Running Tide’s work",Correction pending; requires verification against records.,FRAME,factual (checkable),,,,NONE,OPEN,2025-12-16T18:59:41.562469,MED
198.0,WIRED-RunningTide,"This was in spite of Microsoft having purchased seaweed-sinking credits, says Brian Marrs, the company’s",Correction pending; requires verification against records.,FRAME,factual (checkable),,,,NONE,OPEN,2025-12-16T18:59:41.562469,MED
199.0,WIRED-RunningTide,"“We have not signed contracts for that product,” Marrs says.",Correction pending; requires verification against records.,FRAME,factual (checkable),,,,NONE,OPEN,2025-12-16T18:59:41.562469,MED
200.0,WIRED-RunningTide,"“Our purchases were for, I guess what I considerthe original product, which was the kelp algae product.” The",Correction pending; requires verification against records.,FRAME,factual (checkable),,,,NONE,OPEN,2025-12-16T18:59:41.562469,MED
201.0,WIRED-RunningTide,“I’m not gonna comment on what Microsoft said.,,ALLEG,other,,,,ARTICLE,OPEN,2025-12-16T18:59:41.562469,MED
202.0,WIRED-RunningTide,We had a contract with them that we filled.” WIRED first asked Microsoft about the veracity of Running Tide’s,Correction pending; requires verification against records.,FRAME,factual (checkable),,,,NONE,OPEN,2025-12-16T18:59:41.562469,MED
203.0,WIRED-RunningTide,"In response, the tech company cited its NDA with Running Tide and refused to comment.",,ALLEG,other,,,,ARTICLE,OPEN,2025-12-16T18:59:41.562469,MED
204.0,WIRED-RunningTide,"However, it later acknowledged that it had removed some of Running Tide’s credits from its carbon- removal",Correction pending; requires verification against records.,FRAME,factual (checkable),,,,NONE,OPEN,2025-12-16T18:59:41.562469,MED
205.0,WIRED-RunningTide,“We pilot innovative pathways—including ocean-basedmethods—while holding every project to the highest,,ALLEG,other,,,,ARTICLE,OPEN,2025-12-16T18:59:41.562469,MED
206.0,WIRED-RunningTide,"“When credits don’t meet those standards, as was the case with some deliveries from Running Tide, we don’t",Correction pending; requires verification against records.,FRAME,factual (checkable),,,,NONE,OPEN,2025-12-16T18:59:41.562469,MED
207.0,WIRED-RunningTide,"Covering climate and fisheries across four continents, her work appears inThe New York Times, The Guardian,",,ALLEG,other,,,,ARTICLE,OPEN,2025-12-16T18:59:41.562469,MED
208.0,WIRED-RunningTide,She has beenawarded past fellowships and support by the Pulitzer Center ...,,ALLEG,other,,,,ARTICLE,OPEN,2025-12-16T18:59:41.562469,MED
210.0,WIRED-RunningTide,CHRIS BARANIUKThe Trump Administration’s Data Center Push Could Open the Doorfor New Forever,Reframe pending; requires contemporaneous context.,FACT,opinion/interpretation,,,,ARTICLE,OPEN,2025-12-16T18:59:41.562469,MED
211.0,WIRED-RunningTide,MOLLY TAFTThe Oceans Are Going to Rise— but When?,,ALLEG,other,,,,ARTICLE,OPEN,2025-12-16T18:59:41.562469,MED
212.0,WIRED-RunningTide,The uniquely vulnerable West Antarctic IceSheet holds enough water to raise globalsea levels by 5 meters.,,ALLEG,other,,,,ARTICLE,OPEN,2025-12-16T18:59:41.562469,MED
213.0,WIRED-RunningTide,But when that willhappen—and how fast—is anything butsettled.,,ALLEG,other,,,,ARTICLE,OPEN,2025-12-16T18:59:41.562469,MED
214.0,WIRED-RunningTide,EVAN HOWELL An Invasive Disease-Carrying Mosquito Has Spread to the RockyMountains The Aedes,,ALLEG,factual (checkable),,,,ARTICLE,OPEN,2025-12-16T18:59:41.562469,MED
215.0,WIRED-RunningTide,"But now, apopulation is thriving in Western Colorado.",,ALLEG,other,,,,ARTICLE,OPEN,2025-12-16T18:59:41.562469,MED
216.0,WIRED-RunningTide,ERIN DOUGLASThe Data Center Resistance Has Arrived A new report finds that local opposition todata MOLLY TAFTBooze Without the Burn?,,ALLEG,other,,,,ARTICLE,OPEN,2025-12-16T18:59:41.562469,MED
218.0,WIRED-RunningTide,"An Enzyme-Tinkering Startup Aims toMake Spirits Smoother Voodoo Scientific has developed a processthat,",,ALLEG,other,,,,ARTICLE,OPEN,2025-12-16T18:59:41.562469,MED
219.0,WIRED-RunningTide,CHRISTOPHER NULLAmazon Workers Issue Warning About Company’s ‘All-Costs-Justified’ Approach to AI,,ALLEG,factual (checkable),,,,ARTICLE,OPEN,2025-12-16T18:59:41.562469,MED
220.0,WIRED-RunningTide,"PARESH DAVE OpenAI Staffer Quits, Alleging Company’s Economic Research IsDrifting Into AI Advocacy Four",,ALLEG,allegation/contested,,,,ARTICLE,OPEN,2025-12-16T18:59:41.562469,MED
221.0,WIRED-RunningTide,Thecompany says it has only expanded theeconomic research team’s scope.,,ALLEG,other,,,,ARTICLE,OPEN,2025-12-16T18:59:41.562469,MED
222.0,WIRED-RunningTide,"MAXWELL ZEFFThe 4 Things You Need for a Tech Bubble On this episode of Uncanny Valley , guest Brian",,ALLEG,other,,,,ARTICLE,OPEN,2025-12-16T18:59:41.562469,MED
223.0,WIRED-RunningTide,"MICHAEL CALORESam Bankman-Fried Goes on the Offensive Two years after he was found guilty offraud,",,ALLEG,allegation/contested,,,,ARTICLE,OPEN,2025-12-16T18:59:41.562469,MED
224.0,WIRED-RunningTide,"JOEL KHALILIWIRED Roundup: DHS’s Privacy Breach, AI Romantic Affairs, andGoogle Sues Text Scammers",,ALLEG,other,,,,ARTICLE,OPEN,2025-12-16T18:59:41.562469,MED
225.0,WIRED-RunningTide,BRIAN BARRETT Any problems it might have had with Running Tide’s credits didn’t dampen the tech giant’s,Reframe pending; requires contemporaneous context.,FACT,opinion/interpretation,,,,ARTICLE,OPEN,2025-12-16T18:59:41.562469,MED
226.0,WIRED-RunningTide,"In October 2024, Microsoft signed the world’s largest purchase agreement to date for marine carbon dioxide",Correction pending; requires verification against records.,FRAME,factual (checkable),,,,NONE,OPEN,2025-12-16T18:59:41.562469,MED
227.0,WIRED-RunningTide,"Microsoft secured at first 1,333 tons of carbon removal, with options to purchase an additional 350,000 tons.",Correction pending; requires verification against records.,FRAME,factual (checkable),,,,NONE,OPEN,2025-12-16T18:59:41.562469,MED
228.0,WIRED-RunningTide,"Having garnered $24.75 million in Series A funding, Ebb Carbon uses green electricity to split seawater into",,ALLEG,other,,,,ARTICLE,OPEN,2025-12-16T18:59:41.562469,MED
229.0,WIRED-RunningTide,"This headline-inducing deal is part of Microsoft’s bullish strategy on pursuing carbon removal, and runs",,ALLEG,other,,,,ARTICLE,OPEN,2025-12-16T18:59:41.562469,MED
230.0,WIRED-RunningTide,"In 2024, the company purchased 5 million tons of credits, from terrestrial and ocean-basedcarbon-removal",Correction pending; requires verification against records.,FRAME,factual (checkable),,,,NONE,OPEN,2025-12-16T18:59:41.562469,MED
231.0,WIRED-RunningTide,"Microsoft’s purchases in the carbon-removal space are “building the markets we buy from,” says Marrs.",,ALLEG,other,,,,ARTICLE,OPEN,2025-12-16T18:59:41.562469,MED
232.0,WIRED-RunningTide,"When asked about issues like no third-party verification, Marrs says that Microsoft “welcomes that ecosystem",,ALLEG,other,,,,ARTICLE,OPEN,2025-12-16T18:59:41.562469,MED
233.0,WIRED-RunningTide,"Gigablue, which grows and sinks plankton in the ocean, sold 200,000 marine carbon-removal credits in",Correction pending; requires verification against records.,FRAME,factual (checkable),,,,NONE,OPEN,2025-12-16T18:59:41.562469,MED
234.0,WIRED-RunningTide,"Planetary Technologies, a company specializing in ocean alkalinity enhancement, raised over $11 million in",Correction pending; requires verification against records.,FRAME,factual (checkable),,,,NONE,OPEN,2025-12-16T18:59:41.562469,MED
235.0,WIRED-RunningTide,And Equatic has begun building what it claims to be the largest marine carbon-removal facilities in Asia and,,ALLEG,other,,,,ARTICLE,OPEN,2025-12-16T18:59:41.562469,MED
236.0,WIRED-RunningTide,Investments and sales across the sector over the past two years total as much as a quarter billion dollars.,,ALLEG,other,,,,ARTICLE,OPEN,2025-12-16T18:59:41.562469,MED
237.0,WIRED-RunningTide,"But because carbon removal remains unregulated, and exact numbers on the price per ton of carbon are not",,ALLEG,other,,,,ARTICLE,OPEN,2025-12-16T18:59:41.562469,MED
238.0,WIRED-RunningTide,"“The voluntary carbon market has no rules,” says Stacy Kauk,chief science officer at Isometric, a carbon-",,ALLEG,other,,,,ARTICLE,OPEN,2025-12-16T18:59:41.562469,MED
239.0,WIRED-RunningTide,"Formerly the head of sustainability at Shopify, Kauk organized one of the first investments into Running Tide in",,ALLEG,other,,,,ARTICLE,OPEN,2025-12-16T18:59:41.562469,MED
240.0,WIRED-RunningTide,"“On the corporation side, you’re incentivized to buy credits so that you can then make a green claim,” she",,ALLEG,other,,,,ARTICLE,OPEN,2025-12-16T18:59:41.562469,MED
241.0,WIRED-RunningTide,"Hróbjartsson, Running Tide’s former general manager, is skeptical abouthow much positive impact the marine",Reframe pending; requires contemporaneous context.,FACT,opinion/interpretation,,,,ARTICLE,OPEN,2025-12-16T18:59:41.562469,MED
242.0,WIRED-RunningTide,"“We’re just making a prettier carbon-offset market,” he says of the industry.",,ALLEG,other,,,,ARTICLE,OPEN,2025-12-16T18:59:41.562469,MED
243.0,WIRED-RunningTide,"“It’s lipstick on a pig.” “Any marine carbon removal, if it’s going to work on a global scale, we’re going to have",,ALLEG,other,,,,ARTICLE,OPEN,2025-12-16T18:59:41.562469,MED
244.0,WIRED-RunningTide,"Pointing out that deep-sea sediments can take up to 1,000 years to grow 1 millimeter, she believes that “we",Reframe pending; requires contemporaneous context.,FACT,opinion/interpretation,,,,ARTICLE,OPEN,2025-12-16T18:59:41.562469,MED
245.0,WIRED-RunningTide,"In January 2025, a beach cleanup team found one of the company’s 3-foot-tall buoys washed up on the shore",Correction pending; requires verification against records.,FRAME,factual (checkable),,,,NONE,OPEN,2025-12-16T18:59:41.562469,MED
246.0,WIRED-RunningTide,"Seeing that the debris was from an American company, the volunteers conducting the cleanup contacted the",Correction pending; requires verification against records.,FRAME,factual (checkable),,,,NONE,OPEN,2025-12-16T18:59:41.562469,MED
247.0,WIRED-RunningTide,"“We have messed up the atmosphere as mankind,” says Ólafsson.",Clarification pending; requires mechanisms and assumptions.,NORM,other,,,,NONE,OPEN,2025-12-16T18:59:41.562469,MED
,WIRED-RunningTide,Expert critique summary (Hrönn Egilsdóttir),See expert_rebuttal.,FACT,,,,,ARTICLE,OPEN,2025-12-16T18:59:41.562469,MED
,WIRED-RunningTide,Expert critique summary (James Kerry),See expert_rebuttal.,FACT,,,,,ARTICLE,OPEN,2025-12-16T18:59:41.562469,MED
,WIRED-RunningTide,Expert critique summary (Jón Ólafsson),See expert_rebuttal.,FACT,,,,,ARTICLE,OPEN,2025-12-16T18:59:41.562469,MED
ADD-AKR-1,WIRED-RunningTide,The article implies that Running Tide left/abandoned equipment in Akranes after leaving Iceland.,"Equipment was not abandoned in Akranes; it was stored, transferred, or sold, with records available.",FACT,factual (checkable),,,,ARTICLE,OPEN,2025-12-16T18:59:41.562469,MED
